<?xml version="1.0" encoding="UTF-8"?>
<GenRun Id="impl_1" LaunchPart="xc7a35tcpg236-1" LaunchTime="1734276476">
  <File Type="BITSTR-BMM" Name="Elevator_bd.bmm"/>
  <File Type="OPT-METHODOLOGY-DRC" Name="Elevator_methodology_drc_opted.rpt"/>
  <File Type="INIT-TIMING" Name="Elevator_timing_summary_init.rpt"/>
  <File Type="ROUTE-PWR" Name="Elevator_power_routed.rpt"/>
  <File Type="PA-TCL" Name="Elevator.tcl"/>
  <File Type="OPT-TIMING" Name="Elevator_timing_summary_opted.rpt"/>
  <File Type="OPT-DCP" Name="Elevator_opt.dcp"/>
  <File Type="ROUTE-PWR-SUM" Name="Elevator_power_summary_routed.pb"/>
  <File Type="REPORTS-TCL" Name="Elevator_reports.tcl"/>
  <File Type="OPT-DRC" Name="Elevator_drc_opted.rpt"/>
  <File Type="OPT-HWDEF" Name="Elevator.hwdef"/>
  <File Type="PWROPT-DCP" Name="Elevator_pwropt.dcp"/>
  <File Type="PWROPT-DRC" Name="Elevator_drc_pwropted.rpt"/>
  <File Type="PWROPT-TIMING" Name="Elevator_timing_summary_pwropted.rpt"/>
  <File Type="PLACE-DCP" Name="Elevator_placed.dcp"/>
  <File Type="PLACE-IO" Name="Elevator_io_placed.rpt"/>
  <File Type="PLACE-CLK" Name="Elevator_clock_utilization_placed.rpt"/>
  <File Type="PLACE-UTIL" Name="Elevator_utilization_placed.rpt"/>
  <File Type="PLACE-UTIL-PB" Name="Elevator_utilization_placed.pb"/>
  <File Type="PLACE-CTRL" Name="Elevator_control_sets_placed.rpt"/>
  <File Type="PLACE-SIMILARITY" Name="Elevator_incremental_reuse_placed.rpt"/>
  <File Type="PLACE-PRE-SIMILARITY" Name="Elevator_incremental_reuse_pre_placed.rpt"/>
  <File Type="BG-BGN" Name="Elevator.bgn"/>
  <File Type="PLACE-TIMING" Name="Elevator_timing_summary_placed.rpt"/>
  <File Type="POSTPLACE-PWROPT-DCP" Name="Elevator_postplace_pwropt.dcp"/>
  <File Type="BG-BIN" Name="Elevator.bin"/>
  <File Type="POSTPLACE-PWROPT-TIMING" Name="Elevator_timing_summary_postplace_pwropted.rpt"/>
  <File Type="PHYSOPT-DCP" Name="Elevator_physopt.dcp"/>
  <File Type="PHYSOPT-DRC" Name="Elevator_drc_physopted.rpt"/>
  <File Type="BITSTR-MSK" Name="Elevator.msk"/>
  <File Type="PHYSOPT-TIMING" Name="Elevator_timing_summary_physopted.rpt"/>
  <File Type="ROUTE-ERROR-DCP" Name="Elevator_routed_error.dcp"/>
  <File Type="ROUTE-DCP" Name="Elevator_routed.dcp"/>
  <File Type="ROUTE-BLACKBOX-DCP" Name="Elevator_routed_bb.dcp"/>
  <File Type="ROUTE-DRC" Name="Elevator_drc_routed.rpt"/>
  <File Type="ROUTE-DRC-PB" Name="Elevator_drc_routed.pb"/>
  <File Type="BITSTR-LTX" Name="debug_nets.ltx"/>
  <File Type="BITSTR-LTX" Name="Elevator.ltx"/>
  <File Type="ROUTE-DRC-RPX" Name="Elevator_drc_routed.rpx"/>
  <File Type="BITSTR-MMI" Name="Elevator.mmi"/>
  <File Type="ROUTE-METHODOLOGY-DRC" Name="Elevator_methodology_drc_routed.rpt"/>
  <File Type="ROUTE-METHODOLOGY-DRC-RPX" Name="Elevator_methodology_drc_routed.rpx"/>
  <File Type="BITSTR-SYSDEF" Name="Elevator.sysdef"/>
  <File Type="ROUTE-METHODOLOGY-DRC-PB" Name="Elevator_methodology_drc_routed.pb"/>
  <File Type="ROUTE-PWR-RPX" Name="Elevator_power_routed.rpx"/>
  <File Type="ROUTE-STATUS" Name="Elevator_route_status.rpt"/>
  <File Type="ROUTE-STATUS-PB" Name="Elevator_route_status.pb"/>
  <File Type="ROUTE-TIMINGSUMMARY" Name="Elevator_timing_summary_routed.rpt"/>
  <File Type="ROUTE-TIMING-PB" Name="Elevator_timing_summary_routed.pb"/>
  <File Type="ROUTE-TIMING-RPX" Name="Elevator_timing_summary_routed.rpx"/>
  <File Type="ROUTE-SIMILARITY" Name="Elevator_incremental_reuse_routed.rpt"/>
  <File Type="ROUTE-CLK" Name="Elevator_clock_utilization_routed.rpt"/>
  <File Type="ROUTE-BUS-SKEW" Name="Elevator_bus_skew_routed.rpt"/>
  <File Type="ROUTE-BUS-SKEW-PB" Name="Elevator_bus_skew_routed.pb"/>
  <File Type="ROUTE-BUS-SKEW-RPX" Name="Elevator_bus_skew_routed.rpx"/>
  <File Type="POSTROUTE-PHYSOPT-DCP" Name="Elevator_postroute_physopt.dcp"/>
  <File Type="POSTROUTE-PHYSOPT-BLACKBOX-DCP" Name="Elevator_postroute_physopt_bb.dcp"/>
  <File Type="POSTROUTE-PHYSOPT-TIMING" Name="Elevator_timing_summary_postroute_physopted.rpt"/>
  <File Type="POSTROUTE-PHYSOPT-TIMING-PB" Name="Elevator_timing_summary_postroute_physopted.pb"/>
  <File Type="POSTROUTE-PHYSOPT-TIMING-RPX" Name="Elevator_timing_summary_postroute_physopted.rpx"/>
  <File Type="POSTROUTE-PHYSOPT-BUS-SKEW" Name="Elevator_bus_skew_postroute_physopted.rpt"/>
  <File Type="POSTROUTE-PHYSOPT-BUS-SKEW-PB" Name="Elevator_bus_skew_postroute_physopted.pb"/>
  <File Type="BG-BIT" Name="Elevator.bit"/>
  <File Type="POSTROUTE-PHYSOPT-BUS-SKEW-RPX" Name="Elevator_bus_skew_postroute_physopted.rpx"/>
  <File Type="BITSTR-RBT" Name="Elevator.rbt"/>
  <File Type="BITSTR-NKY" Name="Elevator.nky"/>
  <File Type="BG-DRC" Name="Elevator.drc"/>
  <File Type="RDI-RDI" Name="Elevator.vdi"/>
  <File Type="WBT-USG" Name="usage_statistics_webtalk.html"/>
  <FileSet Name="sources" Type="DesignSrcs" RelSrcDir="$PSRCDIR/sources_1">
    <Filter Type="Srcs"/>
    <File Path="$PSRCDIR/sources_1/new/Elevator.v">
      <FileInfo>
        <Attr Name="UsedIn" Val="synthesis"/>
        <Attr Name="UsedIn" Val="implementation"/>
        <Attr Name="UsedIn" Val="simulation"/>
      </FileInfo>
    </File>
    <Config>
      <Option Name="DesignMode" Val="RTL"/>
      <Option Name="TopModule" Val="Elevator"/>
      <Option Name="TopAutoSet" Val="TRUE"/>
    </Config>
  </FileSet>
  <FileSet Name="constrs_in" Type="Constrs" RelSrcDir="$PSRCDIR/constrs_1">
    <Filter Type="Constrs"/>
    <File Path="$PSRCDIR/constrs_1/new/elePin.xdc">
      <FileInfo>
        <Attr Name="UsedIn" Val="synthesis"/>
        <Attr Name="UsedIn" Val="implementation"/>
      </FileInfo>
    </File>
    <Config>
      <Option Name="ConstrsType" Val="XDC"/>
    </Config>
  </FileSet>
  <FileSet Name="utils" Type="Utils" RelSrcDir="$PSRCDIR/utils_1">
    <Filter Type="Utils"/>
    <Config>
      <Option Name="TopAutoSet" Val="TRUE"/>
    </Config>
  </FileSet>
  <Strategy Version="1" Minor="2">
    <StratHandle Name="Vivado Implementation Defaults" Flow="Vivado Implementation 2018"/>
    <Step Id="init_design"/>
    <Step Id="opt_design"/>
    <Step Id="power_opt_design"/>
    <Step Id="place_design"/>
    <Step Id="post_place_power_opt_design"/>
    <Step Id="phys_opt_design"/>
    <Step Id="route_design"/>
    <Step Id="post_route_phys_opt_design"/>
    <Step Id="write_bitstream"/>
  </Strategy>
</GenRun>
